<?xml version="1.0" encoding="UTF-8"?>
<export version="D">
  <design>
    <source>C:/Users/Win 7/Documents/KiCAD/LCD_Controller/LCD_Controller.sch</source>
    <date>26/11/2018 11:17:33</date>
    <tool>Eeschema 4.0.7</tool>
    <sheet number="1" name="/" tstamps="/">
      <title_block>
        <title/>
        <company/>
        <rev/>
        <date/>
        <source>LCD_Controller.sch</source>
        <comment number="1" value=""/>
        <comment number="2" value=""/>
        <comment number="3" value=""/>
        <comment number="4" value=""/>
      </title_block>
    </sheet>
  </design>
  <components>
    <comp ref="J5">
      <value>To LCD</value>
      <footprint>Pin_Headers:Pin_Header_Straight_1x16_Pitch2.54mm</footprint>
      <libsource lib="conn" part="Conn_01x16"/>
      <sheetpath names="/" tstamps="/"/>
      <tstamp>5BF19EFB</tstamp>
    </comp>
    <comp ref="J2">
      <value>GS2</value>
      <footprint>Connectors:GS2</footprint>
      <libsource lib="conn" part="GS2"/>
      <sheetpath names="/" tstamps="/"/>
      <tstamp>5BF1A0BF</tstamp>
    </comp>
    <comp ref="U2">
      <value>MCP4561-103E/MS</value>
      <footprint>Housings_SSOP:MSOP-8_3x3mm_Pitch0.65mm</footprint>
      <libsource lib="MCP4561" part="MCP4561-103E/MS"/>
      <sheetpath names="/" tstamps="/"/>
      <tstamp>5BF1A1C7</tstamp>
    </comp>
    <comp ref="IC2">
      <value>PCF8574A</value>
      <footprint>Housings_SOIC:SOIC-16W_7.5x10.3mm_Pitch1.27mm</footprint>
      <libsource lib="philips" part="PCF8574A"/>
      <sheetpath names="/" tstamps="/"/>
      <tstamp>5BF1BD3B</tstamp>
    </comp>
    <comp ref="R1">
      <value>10K</value>
      <footprint>Resistors_SMD:R_0805</footprint>
      <libsource lib="device" part="R"/>
      <sheetpath names="/" tstamps="/"/>
      <tstamp>5BF1BD3C</tstamp>
    </comp>
    <comp ref="R2">
      <value>10K</value>
      <footprint>Resistors_SMD:R_0805</footprint>
      <libsource lib="device" part="R"/>
      <sheetpath names="/" tstamps="/"/>
      <tstamp>5BF1BD3D</tstamp>
    </comp>
    <comp ref="R4">
      <value>10K</value>
      <footprint>Resistors_SMD:R_0805</footprint>
      <libsource lib="device" part="R"/>
      <sheetpath names="/" tstamps="/"/>
      <tstamp>5BF1BD3E</tstamp>
    </comp>
    <comp ref="U1">
      <value>ATTINY85-20PU</value>
      <footprint>Housings_SOIC:SO-8_5.3x6.2mm_Pitch1.27mm</footprint>
      <libsource lib="atmel" part="ATTINY85-20PU"/>
      <sheetpath names="/" tstamps="/"/>
      <tstamp>5BF1BD4B</tstamp>
    </comp>
    <comp ref="R7">
      <value>1K</value>
      <footprint>Resistors_SMD:R_0805</footprint>
      <libsource lib="device" part="R"/>
      <sheetpath names="/" tstamps="/"/>
      <tstamp>5BF1BD4C</tstamp>
    </comp>
    <comp ref="R3">
      <value>1K</value>
      <footprint>Resistors_SMD:R_0805</footprint>
      <libsource lib="device" part="R"/>
      <sheetpath names="/" tstamps="/"/>
      <tstamp>5BF1BD4D</tstamp>
    </comp>
    <comp ref="J1">
      <value>LCD</value>
      <footprint>Connectors_JST:JST_XH_B04B-XH-A_04x2.50mm_Straight</footprint>
      <libsource lib="conn" part="Conn_01x04"/>
      <sheetpath names="/" tstamps="/"/>
      <tstamp>5BF1BD50</tstamp>
    </comp>
    <comp ref="Q1">
      <value>DMG3414U</value>
      <footprint>TO_SOT_Packages_SMD:SOT-23</footprint>
      <libsource lib="transistors" part="2N7002"/>
      <sheetpath names="/" tstamps="/"/>
      <tstamp>5BF1BD70</tstamp>
    </comp>
    <comp ref="Q2">
      <value>DMG3414U</value>
      <footprint>TO_SOT_Packages_SMD:SOT-23</footprint>
      <libsource lib="transistors" part="2N7002"/>
      <sheetpath names="/" tstamps="/"/>
      <tstamp>5BF1BD71</tstamp>
    </comp>
    <comp ref="ROpt5">
      <value>4K7</value>
      <footprint>Resistors_SMD:R_0805</footprint>
      <libsource lib="device" part="R"/>
      <sheetpath names="/" tstamps="/"/>
      <tstamp>5BF1BD74</tstamp>
    </comp>
    <comp ref="ROpt6">
      <value>4K7</value>
      <footprint>Resistors_SMD:R_0805</footprint>
      <libsource lib="device" part="R"/>
      <sheetpath names="/" tstamps="/"/>
      <tstamp>5BF1BD75</tstamp>
    </comp>
    <comp ref="ROpt1">
      <value>4K7</value>
      <footprint>Resistors_SMD:R_0805</footprint>
      <libsource lib="device" part="R"/>
      <sheetpath names="/" tstamps="/"/>
      <tstamp>5BF1BD76</tstamp>
    </comp>
    <comp ref="ROpt2">
      <value>4K7</value>
      <footprint>Resistors_SMD:R_0805</footprint>
      <libsource lib="device" part="R"/>
      <sheetpath names="/" tstamps="/"/>
      <tstamp>5BF1BD77</tstamp>
    </comp>
    <comp ref="C2">
      <value>1uF Ceramic</value>
      <footprint>Capacitors_SMD:C_0805</footprint>
      <libsource lib="device" part="C"/>
      <sheetpath names="/" tstamps="/"/>
      <tstamp>5BF1BD7A</tstamp>
    </comp>
    <comp ref="C1">
      <value>1uF Ceramic</value>
      <footprint>Capacitors_SMD:C_0805</footprint>
      <libsource lib="device" part="C"/>
      <sheetpath names="/" tstamps="/"/>
      <tstamp>5BF1BD7B</tstamp>
    </comp>
    <comp ref="IC1">
      <value>XC6206</value>
      <footprint>TO_SOT_Packages_SMD:SOT-23</footprint>
      <libsource lib="regul" part="AP1117-15"/>
      <sheetpath names="/" tstamps="/"/>
      <tstamp>5BF1BD8A</tstamp>
    </comp>
    <comp ref="T1">
      <value>BCW66GLT1G</value>
      <footprint>TO_SOT_Packages_SMD:SOT-23</footprint>
      <libsource lib="transistors" part="BC817"/>
      <sheetpath names="/" tstamps="/"/>
      <tstamp>5BF1BD92</tstamp>
    </comp>
    <comp ref="T2">
      <value>BC858C</value>
      <footprint>TO_SOT_Packages_SMD:SOT-23</footprint>
      <libsource lib="transistors" part="BC858"/>
      <sheetpath names="/" tstamps="/"/>
      <tstamp>5BF1BD94</tstamp>
    </comp>
    <comp ref="JP1">
      <value>Jumper</value>
      <footprint>Pin_Headers:Pin_Header_Straight_1x02_Pitch2.54mm</footprint>
      <libsource lib="device" part="Jumper"/>
      <sheetpath names="/" tstamps="/"/>
      <tstamp>5BF2D094</tstamp>
    </comp>
    <comp ref="ROpt4">
      <value>0R</value>
      <footprint>Resistors_SMD:R_0805</footprint>
      <libsource lib="device" part="R"/>
      <sheetpath names="/" tstamps="/"/>
      <tstamp>5BF2E822</tstamp>
    </comp>
    <comp ref="ROpt3">
      <value>0R</value>
      <footprint>Resistors_SMD:R_0805</footprint>
      <libsource lib="device" part="R"/>
      <sheetpath names="/" tstamps="/"/>
      <tstamp>5BF2E91A</tstamp>
    </comp>
    <comp ref="J3">
      <value>GS2</value>
      <footprint>Connectors:GS2</footprint>
      <libsource lib="conn" part="GS2"/>
      <sheetpath names="/" tstamps="/"/>
      <tstamp>5BF30694</tstamp>
    </comp>
    <comp ref="J4">
      <value>GS2</value>
      <footprint>Connectors:GS2</footprint>
      <libsource lib="conn" part="GS2"/>
      <sheetpath names="/" tstamps="/"/>
      <tstamp>5BF306FA</tstamp>
    </comp>
    <comp ref="RV1">
      <value>10K</value>
      <footprint>Potentiometers:Potentiometer_Trimmer_Vishay_T73XW_Vertical</footprint>
      <libsource lib="device" part="POT"/>
      <sheetpath names="/" tstamps="/"/>
      <tstamp>5BF30821</tstamp>
    </comp>
    <comp ref="T3">
      <value>BCW66GLT1G</value>
      <footprint>TO_SOT_Packages_SMD:SOT-23</footprint>
      <libsource lib="transistors" part="BC817"/>
      <sheetpath names="/" tstamps="/"/>
      <tstamp>5BF33034</tstamp>
    </comp>
    <comp ref="R6">
      <value>1K</value>
      <footprint>Resistors_SMD:R_0805</footprint>
      <libsource lib="device" part="R"/>
      <sheetpath names="/" tstamps="/"/>
      <tstamp>5BF33491</tstamp>
    </comp>
    <comp ref="C5">
      <value>0.1uF</value>
      <footprint>Capacitors_SMD:C_0805</footprint>
      <libsource lib="device" part="C"/>
      <sheetpath names="/" tstamps="/"/>
      <tstamp>5BF33D8D</tstamp>
    </comp>
    <comp ref="R5">
      <value>10K</value>
      <footprint>Resistors_SMD:R_0805</footprint>
      <libsource lib="device" part="R"/>
      <sheetpath names="/" tstamps="/"/>
      <tstamp>5BF3A01F</tstamp>
    </comp>
    <comp ref="C3">
      <value>0.1uF</value>
      <footprint>Capacitors_SMD:C_0805</footprint>
      <libsource lib="device" part="C"/>
      <sheetpath names="/" tstamps="/"/>
      <tstamp>5BF41D50</tstamp>
    </comp>
    <comp ref="C4">
      <value>0.1uF</value>
      <footprint>Capacitors_SMD:C_0805</footprint>
      <libsource lib="device" part="C"/>
      <sheetpath names="/" tstamps="/"/>
      <tstamp>5BF42A0D</tstamp>
    </comp>
    <comp ref="R9">
      <value>1K</value>
      <footprint>Resistors_SMD:R_0805</footprint>
      <libsource lib="device" part="R"/>
      <sheetpath names="/" tstamps="/"/>
      <tstamp>5BF5F9EB</tstamp>
    </comp>
    <comp ref="D1">
      <value>RED LED</value>
      <footprint>LEDs:LED_0805_HandSoldering</footprint>
      <libsource lib="device" part="LED"/>
      <sheetpath names="/" tstamps="/"/>
      <tstamp>5BF5FD08</tstamp>
    </comp>
    <comp ref="J6">
      <value>GS2</value>
      <footprint>Connectors:GS2</footprint>
      <libsource lib="conn" part="GS2"/>
      <sheetpath names="/" tstamps="/"/>
      <tstamp>5BF348D5</tstamp>
    </comp>
    <comp ref="J7">
      <value>GS2</value>
      <footprint>Connectors:GS2</footprint>
      <libsource lib="conn" part="GS2"/>
      <sheetpath names="/" tstamps="/"/>
      <tstamp>5BF9A101</tstamp>
    </comp>
  </components>
  <libparts>
    <libpart lib="regul" part="AP1117-15">
      <aliases>
        <alias>AP1117-18</alias>
        <alias>AP1117-25</alias>
        <alias>AP1117-33</alias>
        <alias>AP1117-50</alias>
        <alias>LD1117S33TR_SOT223</alias>
        <alias>LD1117S12TR_SOT223</alias>
        <alias>LD1117S18TR_SOT223</alias>
        <alias>LD1117S25TR_SOT223</alias>
        <alias>LD1117S50TR_SOT223</alias>
        <alias>NCP1117-12_SOT223</alias>
        <alias>NCP1117-1.5_SOT223</alias>
        <alias>NCP1117-1.8_SOT223</alias>
        <alias>NCP1117-2.0_SOT223</alias>
        <alias>NCP1117-2.5_SOT223</alias>
        <alias>NCP1117-2.85_SOT223</alias>
        <alias>NCP1117-3.3_SOT223</alias>
        <alias>NCP1117-5.0_SOT223</alias>
      </aliases>
      <description>1A Low Dropout regulator, positive, 1.5V fixed output, SOT-223</description>
      <docs>http://www.diodes.com/datasheets/AP1117.pdf</docs>
      <footprints>
        <fp>SOT?223*TabPin2*</fp>
      </footprints>
      <fields>
        <field name="Reference">U</field>
        <field name="Value">AP1117-15</field>
        <field name="Footprint">TO_SOT_Packages_SMD:SOT-223-3Lead_TabPin2</field>
      </fields>
      <pins>
        <pin num="1" name="GND" type="power_in"/>
        <pin num="2" name="VO" type="passive"/>
        <pin num="3" name="VI" type="power_in"/>
      </pins>
    </libpart>
    <libpart lib="atmel" part="ATTINY25-20PU">
      <aliases>
        <alias>ATTINY45-20PU</alias>
        <alias>ATTINY85-20PU</alias>
      </aliases>
      <description>PDIP8, 2k Flash, 128B SRAM, 128B EEPROM, Debug Wire</description>
      <docs>http://www.atmel.com/images/atmel-2586-avr-8-bit-microcontroller-attiny25-attiny45-attiny85_datasheet.pdf</docs>
      <fields>
        <field name="Reference">U</field>
        <field name="Value">ATTINY25-20PU</field>
        <field name="Footprint">Housings_DIP:DIP-8_W7.62mm</field>
      </fields>
      <pins>
        <pin num="1" name="PB5(~RESET~/dW/ADC0/PCINT5)" type="BiDi"/>
        <pin num="2" name="PB3(XTAL1/CLKI/OC1B/ADC3/PCINT3)" type="BiDi"/>
        <pin num="3" name="PB4(XTAL2/CLKO/OC1B/ADC2/PCINT4)" type="BiDi"/>
        <pin num="4" name="GND" type="power_in"/>
        <pin num="5" name="PB0(MOSI/DI/SDA/AIN0/OC0A/OC1A/AREF/PCINT0)" type="BiDi"/>
        <pin num="6" name="PB1(MISO/DO/AIN1/OC0B/OC1A/PCINT1)" type="BiDi"/>
        <pin num="7" name="PB2(SCK/USCK/SCL/T0/INT0/ADC1/PCINT2)" type="BiDi"/>
        <pin num="8" name="VCC" type="power_in"/>
      </pins>
    </libpart>
    <libpart lib="transistors" part="BC807">
      <aliases>
        <alias>BC808</alias>
        <alias>BC856</alias>
        <alias>BC857</alias>
        <alias>BC858</alias>
        <alias>BC859</alias>
        <alias>BC860</alias>
        <alias>MMBT3906</alias>
      </aliases>
      <description>45V Vce, 0.8A Ic, PNP, SOT-23</description>
      <docs>http://www.fairchildsemi.com/ds/BC/BC807.pdf</docs>
      <footprints>
        <fp>SOT?23*</fp>
      </footprints>
      <fields>
        <field name="Reference">Q</field>
        <field name="Value">BC807</field>
        <field name="Footprint">TO_SOT_Packages_SMD:SOT-23</field>
      </fields>
      <pins>
        <pin num="1" name="B" type="input"/>
        <pin num="2" name="E" type="passive"/>
        <pin num="3" name="C" type="passive"/>
      </pins>
    </libpart>
    <libpart lib="transistors" part="BC817">
      <aliases>
        <alias>BC818</alias>
        <alias>BC847</alias>
        <alias>BC848</alias>
        <alias>BC849</alias>
        <alias>BC850</alias>
        <alias>MMBT3904</alias>
      </aliases>
      <description>45V Vce, 0.8A Ic, NPN, SOT-23</description>
      <docs>http://www.fairchildsemi.com/ds/BC/BC817.pdf</docs>
      <footprints>
        <fp>SOT?23*</fp>
      </footprints>
      <fields>
        <field name="Reference">Q</field>
        <field name="Value">BC817</field>
        <field name="Footprint">TO_SOT_Packages_SMD:SOT-23</field>
      </fields>
      <pins>
        <pin num="1" name="B" type="input"/>
        <pin num="2" name="E" type="passive"/>
        <pin num="3" name="C" type="passive"/>
      </pins>
    </libpart>
    <libpart lib="transistors" part="BSS138">
      <aliases>
        <alias>2N7002</alias>
        <alias>MMBF170</alias>
      </aliases>
      <description>50V Vds, 0.22 A Id, N-channel MOSFET, SOT-23</description>
      <docs>https://www.fairchildsemi.com/datasheets/BS/BSS138.pdf</docs>
      <footprints>
        <fp>SOT?23*</fp>
      </footprints>
      <fields>
        <field name="Reference">Q</field>
        <field name="Value">BSS138</field>
        <field name="Footprint">TO_SOT_Packages_SMD:SOT-23</field>
      </fields>
      <pins>
        <pin num="1" name="G" type="input"/>
        <pin num="2" name="S" type="passive"/>
        <pin num="3" name="D" type="passive"/>
      </pins>
    </libpart>
    <libpart lib="device" part="C">
      <description>Unpolarized capacitor</description>
      <footprints>
        <fp>C_*</fp>
      </footprints>
      <fields>
        <field name="Reference">C</field>
        <field name="Value">C</field>
      </fields>
      <pins>
        <pin num="1" name="~" type="passive"/>
        <pin num="2" name="~" type="passive"/>
      </pins>
    </libpart>
    <libpart lib="conn" part="Conn_01x04">
      <description>Generic connector, single row, 01x04</description>
      <docs>~</docs>
      <footprints>
        <fp>Connector*:*_??x*mm*</fp>
        <fp>Connector*:*1x??x*mm*</fp>
        <fp>Pin?Header?Straight?1X*</fp>
        <fp>Pin?Header?Angled?1X*</fp>
        <fp>Socket?Strip?Straight?1X*</fp>
        <fp>Socket?Strip?Angled?1X*</fp>
      </footprints>
      <fields>
        <field name="Reference">J</field>
        <field name="Value">Conn_01x04</field>
      </fields>
      <pins>
        <pin num="1" name="Pin_1" type="passive"/>
        <pin num="2" name="Pin_2" type="passive"/>
        <pin num="3" name="Pin_3" type="passive"/>
        <pin num="4" name="Pin_4" type="passive"/>
      </pins>
    </libpart>
    <libpart lib="conn" part="Conn_01x16">
      <description>Generic connector, single row, 01x16</description>
      <docs>~</docs>
      <footprints>
        <fp>Connector*:*_??x*mm*</fp>
        <fp>Connector*:*1x??x*mm*</fp>
        <fp>Pin?Header?Straight?1X*</fp>
        <fp>Pin?Header?Angled?1X*</fp>
        <fp>Socket?Strip?Straight?1X*</fp>
        <fp>Socket?Strip?Angled?1X*</fp>
      </footprints>
      <fields>
        <field name="Reference">J</field>
        <field name="Value">Conn_01x16</field>
      </fields>
      <pins>
        <pin num="1" name="Pin_1" type="passive"/>
        <pin num="2" name="Pin_2" type="passive"/>
        <pin num="3" name="Pin_3" type="passive"/>
        <pin num="4" name="Pin_4" type="passive"/>
        <pin num="5" name="Pin_5" type="passive"/>
        <pin num="6" name="Pin_6" type="passive"/>
        <pin num="7" name="Pin_7" type="passive"/>
        <pin num="8" name="Pin_8" type="passive"/>
        <pin num="9" name="Pin_9" type="passive"/>
        <pin num="10" name="Pin_10" type="passive"/>
        <pin num="11" name="Pin_11" type="passive"/>
        <pin num="12" name="Pin_12" type="passive"/>
        <pin num="13" name="Pin_13" type="passive"/>
        <pin num="14" name="Pin_14" type="passive"/>
        <pin num="15" name="Pin_15" type="passive"/>
        <pin num="16" name="Pin_16" type="passive"/>
      </pins>
    </libpart>
    <libpart lib="conn" part="GS2">
      <description>2-pin jumper/solder bridge</description>
      <footprints>
        <fp>GS*</fp>
      </footprints>
      <fields>
        <field name="Reference">J</field>
        <field name="Value">GS2</field>
        <field name="Footprint">Connectors:GS2</field>
      </fields>
      <pins>
        <pin num="1" name="G1" type="passive"/>
        <pin num="2" name="G2" type="passive"/>
      </pins>
    </libpart>
    <libpart lib="device" part="Jumper">
      <description>Jumper, generic, normally closed</description>
      <fields>
        <field name="Reference">JP</field>
        <field name="Value">Jumper</field>
      </fields>
      <pins>
        <pin num="1" name="1" type="passive"/>
        <pin num="2" name="2" type="passive"/>
      </pins>
    </libpart>
    <libpart lib="device" part="LED">
      <description>LED generic</description>
      <footprints>
        <fp>LED*</fp>
      </footprints>
      <fields>
        <field name="Reference">D</field>
        <field name="Value">LED</field>
      </fields>
      <pins>
        <pin num="1" name="K" type="passive"/>
        <pin num="2" name="A" type="passive"/>
      </pins>
    </libpart>
    <libpart lib="MCP4561" part="MCP4561-103E/MS">
      <footprints>
        <fp>MSOP8_MC</fp>
        <fp>MSOP8_MC-M</fp>
        <fp>MSOP8_MC-L</fp>
      </footprints>
      <fields>
        <field name="Reference">U</field>
        <field name="Value">MCP4561-103E/MS</field>
        <field name="Footprint">MSOP8_MC</field>
      </fields>
      <pins>
        <pin num="1" name="HVC/A0" type="input"/>
        <pin num="2" name="SCL" type="input"/>
        <pin num="3" name="SDA" type="BiDi"/>
        <pin num="4" name="VSS" type="power_in"/>
        <pin num="5" name="P0A" type="unspc"/>
        <pin num="6" name="P0W" type="unspc"/>
        <pin num="7" name="P0B" type="unspc"/>
        <pin num="8" name="VDD" type="power_in"/>
      </pins>
    </libpart>
    <libpart lib="philips" part="PCF8574">
      <aliases>
        <alias>PCF8574A</alias>
      </aliases>
      <description>8 Bit Port/Expander to I2C Bus, DIP/SOIC-16</description>
      <docs>http://www.nxp.com/documents/data_sheet/PCF8574_PCF8574A.pdf</docs>
      <footprints>
        <fp>DIP*</fp>
        <fp>PDIP*</fp>
        <fp>SO*</fp>
        <fp>SOIC*</fp>
      </footprints>
      <fields>
        <field name="Reference">U</field>
        <field name="Value">PCF8574</field>
      </fields>
      <pins>
        <pin num="1" name="A0" type="input"/>
        <pin num="2" name="A1" type="input"/>
        <pin num="3" name="A2" type="input"/>
        <pin num="4" name="P0" type="BiDi"/>
        <pin num="5" name="P1" type="BiDi"/>
        <pin num="6" name="P2" type="BiDi"/>
        <pin num="7" name="P3" type="BiDi"/>
        <pin num="8" name="VSS" type="power_in"/>
        <pin num="9" name="P4" type="BiDi"/>
        <pin num="10" name="P5" type="BiDi"/>
        <pin num="11" name="P6" type="BiDi"/>
        <pin num="12" name="P7" type="BiDi"/>
        <pin num="13" name="~INT~" type="openCol"/>
        <pin num="14" name="SCL" type="input"/>
        <pin num="15" name="SDA" type="BiDi"/>
        <pin num="16" name="VDD" type="power_in"/>
      </pins>
    </libpart>
    <libpart lib="device" part="POT">
      <description>Potentiometer</description>
      <footprints>
        <fp>Potentiometer*</fp>
      </footprints>
      <fields>
        <field name="Reference">RV</field>
        <field name="Value">POT</field>
      </fields>
      <pins>
        <pin num="1" name="1" type="passive"/>
        <pin num="2" name="2" type="passive"/>
        <pin num="3" name="3" type="passive"/>
      </pins>
    </libpart>
    <libpart lib="device" part="R">
      <description>Resistor</description>
      <footprints>
        <fp>R_*</fp>
        <fp>R_*</fp>
      </footprints>
      <fields>
        <field name="Reference">R</field>
        <field name="Value">R</field>
      </fields>
      <pins>
        <pin num="1" name="~" type="passive"/>
        <pin num="2" name="~" type="passive"/>
      </pins>
    </libpart>
  </libparts>
  <libraries>
    <library logical="device">
      <uri>C:\Program Files\KiCad\share\kicad\library\device.lib</uri>
    </library>
    <library logical="transistors">
      <uri>C:\Program Files\KiCad\share\kicad\library\transistors.lib</uri>
    </library>
    <library logical="conn">
      <uri>C:\Program Files\KiCad\share\kicad\library\conn.lib</uri>
    </library>
    <library logical="regul">
      <uri>C:\Program Files\KiCad\share\kicad\library\regul.lib</uri>
    </library>
    <library logical="philips">
      <uri>C:\Program Files\KiCad\share\kicad\library\philips.lib</uri>
    </library>
    <library logical="atmel">
      <uri>C:\Program Files\KiCad\share\kicad\library\atmel.lib</uri>
    </library>
    <library logical="MCP4561">
      <uri>C:\Users\Win 7\Documents\KiCAD\LCD_Controller\Lbraries\MCP4561103EMS\MCP4561.lib</uri>
    </library>
  </libraries>
  <nets>
    <net code="1" name="Net-(IC2-Pad6)">
      <node ref="J5" pin="6"/>
      <node ref="IC2" pin="6"/>
    </net>
    <net code="2" name="Net-(C5-Pad1)">
      <node ref="T3" pin="1"/>
      <node ref="R6" pin="1"/>
      <node ref="C5" pin="1"/>
    </net>
    <net code="3" name="Net-(IC2-Pad7)">
      <node ref="R6" pin="2"/>
      <node ref="IC2" pin="7"/>
    </net>
    <net code="4" name="Net-(J5-Pad16)">
      <node ref="J5" pin="16"/>
      <node ref="T3" pin="3"/>
    </net>
    <net code="5" name="Net-(IC2-Pad5)">
      <node ref="IC2" pin="5"/>
      <node ref="J5" pin="5"/>
    </net>
    <net code="6" name="Net-(IC2-Pad4)">
      <node ref="IC2" pin="4"/>
      <node ref="J5" pin="4"/>
    </net>
    <net code="7" name="Net-(IC2-Pad12)">
      <node ref="IC2" pin="12"/>
      <node ref="J5" pin="14"/>
    </net>
    <net code="8" name="Net-(IC2-Pad11)">
      <node ref="J5" pin="13"/>
      <node ref="IC2" pin="11"/>
    </net>
    <net code="9" name="Net-(IC2-Pad10)">
      <node ref="IC2" pin="10"/>
      <node ref="J5" pin="12"/>
    </net>
    <net code="10" name="Net-(IC2-Pad9)">
      <node ref="IC2" pin="9"/>
      <node ref="J5" pin="11"/>
    </net>
    <net code="11" name="Net-(J7-Pad2)">
      <node ref="JP1" pin="2"/>
      <node ref="T2" pin="2"/>
      <node ref="J7" pin="2"/>
    </net>
    <net code="12" name="SDA">
      <node ref="ROpt2" pin="2"/>
      <node ref="Q2" pin="2"/>
      <node ref="J1" pin="3"/>
      <node ref="ROpt4" pin="1"/>
    </net>
    <net code="13" name="SCL">
      <node ref="ROpt1" pin="2"/>
      <node ref="Q1" pin="2"/>
      <node ref="J1" pin="4"/>
      <node ref="ROpt3" pin="1"/>
    </net>
    <net code="14" name="GND">
      <node ref="IC2" pin="8"/>
      <node ref="D1" pin="1"/>
      <node ref="C4" pin="1"/>
      <node ref="J6" pin="2"/>
      <node ref="C3" pin="1"/>
      <node ref="U1" pin="4"/>
      <node ref="J1" pin="1"/>
      <node ref="U2" pin="7"/>
      <node ref="U2" pin="4"/>
      <node ref="J2" pin="2"/>
      <node ref="IC1" pin="1"/>
      <node ref="T1" pin="2"/>
      <node ref="J5" pin="1"/>
      <node ref="J4" pin="2"/>
      <node ref="C1" pin="1"/>
      <node ref="C2" pin="1"/>
      <node ref="J3" pin="2"/>
      <node ref="T3" pin="2"/>
      <node ref="RV1" pin="3"/>
      <node ref="C5" pin="2"/>
    </net>
    <net code="15" name="+5V">
      <node ref="ROpt5" pin="1"/>
      <node ref="RV1" pin="1"/>
      <node ref="U1" pin="8"/>
      <node ref="ROpt6" pin="1"/>
      <node ref="JP1" pin="1"/>
      <node ref="R5" pin="1"/>
      <node ref="C3" pin="2"/>
      <node ref="C4" pin="2"/>
      <node ref="IC2" pin="16"/>
      <node ref="U2" pin="5"/>
      <node ref="R1" pin="1"/>
      <node ref="R2" pin="1"/>
      <node ref="R4" pin="1"/>
      <node ref="J5" pin="2"/>
      <node ref="IC1" pin="3"/>
      <node ref="U2" pin="8"/>
      <node ref="C1" pin="2"/>
      <node ref="R9" pin="1"/>
      <node ref="J1" pin="2"/>
    </net>
    <net code="16" name="Net-(J5-Pad10)">
      <node ref="J5" pin="10"/>
    </net>
    <net code="17" name="Net-(J5-Pad9)">
      <node ref="J5" pin="9"/>
    </net>
    <net code="18" name="Net-(J5-Pad8)">
      <node ref="J5" pin="8"/>
    </net>
    <net code="19" name="Net-(D1-Pad2)">
      <node ref="R9" pin="2"/>
      <node ref="D1" pin="2"/>
    </net>
    <net code="20" name="Net-(J5-Pad7)">
      <node ref="J5" pin="7"/>
    </net>
    <net code="21" name="Net-(J6-Pad1)">
      <node ref="J6" pin="1"/>
      <node ref="R5" pin="2"/>
      <node ref="U2" pin="1"/>
    </net>
    <net code="22" name="Net-(J5-Pad3)">
      <node ref="U2" pin="6"/>
      <node ref="RV1" pin="2"/>
      <node ref="J5" pin="3"/>
    </net>
    <net code="23" name="+3V3">
      <node ref="C2" pin="2"/>
      <node ref="ROpt2" pin="1"/>
      <node ref="IC1" pin="2"/>
      <node ref="ROpt1" pin="1"/>
      <node ref="Q1" pin="1"/>
      <node ref="Q2" pin="1"/>
    </net>
    <net code="24" name="Net-(R7-Pad1)">
      <node ref="T2" pin="1"/>
      <node ref="R7" pin="1"/>
    </net>
    <net code="25" name="Net-(U1-Pad1)">
      <node ref="U1" pin="1"/>
    </net>
    <net code="26" name="Net-(U1-Pad3)">
      <node ref="U1" pin="3"/>
    </net>
    <net code="27" name="Net-(U1-Pad2)">
      <node ref="U1" pin="2"/>
    </net>
    <net code="28" name="SDA_H">
      <node ref="Q2" pin="3"/>
      <node ref="ROpt6" pin="2"/>
      <node ref="U1" pin="5"/>
      <node ref="U2" pin="3"/>
      <node ref="ROpt4" pin="2"/>
      <node ref="IC2" pin="15"/>
    </net>
    <net code="29" name="Net-(R3-Pad1)">
      <node ref="R3" pin="1"/>
      <node ref="T1" pin="1"/>
    </net>
    <net code="30" name="SCL_H">
      <node ref="IC2" pin="14"/>
      <node ref="U1" pin="7"/>
      <node ref="Q1" pin="3"/>
      <node ref="ROpt3" pin="2"/>
      <node ref="ROpt5" pin="2"/>
      <node ref="U2" pin="2"/>
    </net>
    <net code="31" name="Net-(R3-Pad2)">
      <node ref="R3" pin="2"/>
      <node ref="U1" pin="6"/>
    </net>
    <net code="32" name="Net-(IC2-Pad13)">
      <node ref="IC2" pin="13"/>
    </net>
    <net code="33" name="Net-(IC2-Pad3)">
      <node ref="IC2" pin="3"/>
      <node ref="R1" pin="2"/>
      <node ref="J2" pin="1"/>
    </net>
    <net code="34" name="Net-(IC2-Pad2)">
      <node ref="IC2" pin="2"/>
      <node ref="R2" pin="2"/>
      <node ref="J3" pin="1"/>
    </net>
    <net code="35" name="Net-(IC2-Pad1)">
      <node ref="J4" pin="1"/>
      <node ref="R4" pin="2"/>
      <node ref="IC2" pin="1"/>
    </net>
    <net code="36" name="Net-(J5-Pad15)">
      <node ref="J5" pin="15"/>
      <node ref="J7" pin="1"/>
      <node ref="T2" pin="3"/>
    </net>
    <net code="37" name="Net-(R7-Pad2)">
      <node ref="R7" pin="2"/>
      <node ref="T1" pin="3"/>
    </net>
  </nets>
</export>
